{"cameraMode":{"drawMode":0,"name":"Shaded","section":"Shading Mode"},"sceneLighting":true,"audioPlay":false,"sceneViewState":{"m_AlwaysRefresh":false,"showFog":true,"showSkybox":true,"showFlares":true,"showImageEffects":true,"showParticleSystems":true,"showVisualEffectGraphs":true,"m_FxEnabled":true},"in2DMode":false,"pivot":{"x":-2.554429531097412,"y":-0.028288528323173524,"z":-2.2954587936401369},"rotation":{"x":-0.11103492230176926,"y":0.8340043425559998,"z":-0.18195948004722596,"w":-0.5089249014854431},"size":15.705724716186524,"orthographic":false}