{"cameraMode":{"drawMode":0,"name":"Shaded","section":"Shading Mode"},"sceneLighting":true,"audioPlay":false,"sceneViewState":{"m_AlwaysRefresh":false,"showFog":true,"showSkybox":true,"showFlares":true,"showImageEffects":true,"showParticleSystems":true,"showVisualEffectGraphs":true,"m_FxEnabled":true},"in2DMode":false,"pivot":{"x":7.445179462432861,"y":1.041620135307312,"z":-1.3007947206497193},"rotation":{"x":-0.06006930395960808,"y":0.32623302936553957,"z":-0.020772267132997514,"w":-0.9431820511817932},"size":4.233249187469482,"orthographic":false}